-- MySQL dump 10.13  Distrib 8.0.34, for Win64 (x86_64)
--
-- Host: localhost    Database: webblog
-- ------------------------------------------------------
-- Server version	8.0.34

/*!40101 SET @OLD_CHARACTER_SET_CLIENT=@@CHARACTER_SET_CLIENT */;
/*!40101 SET @OLD_CHARACTER_SET_RESULTS=@@CHARACTER_SET_RESULTS */;
/*!40101 SET @OLD_COLLATION_CONNECTION=@@COLLATION_CONNECTION */;
/*!50503 SET NAMES utf8 */;
/*!40103 SET @OLD_TIME_ZONE=@@TIME_ZONE */;
/*!40103 SET TIME_ZONE='+00:00' */;
/*!40014 SET @OLD_UNIQUE_CHECKS=@@UNIQUE_CHECKS, UNIQUE_CHECKS=0 */;
/*!40014 SET @OLD_FOREIGN_KEY_CHECKS=@@FOREIGN_KEY_CHECKS, FOREIGN_KEY_CHECKS=0 */;
/*!40101 SET @OLD_SQL_MODE=@@SQL_MODE, SQL_MODE='NO_AUTO_VALUE_ON_ZERO' */;
/*!40111 SET @OLD_SQL_NOTES=@@SQL_NOTES, SQL_NOTES=0 */;

--
-- Table structure for table `comment`
--

DROP TABLE IF EXISTS `comment`;
/*!40101 SET @saved_cs_client     = @@character_set_client */;
/*!50503 SET character_set_client = utf8mb4 */;
CREATE TABLE `comment` (
  `id` int NOT NULL AUTO_INCREMENT,
  `body` varchar(255) DEFAULT NULL,
  `parent_id` int NOT NULL,
  `url_post` varchar(255) DEFAULT NULL,
  `user_comment` varchar(255) DEFAULT NULL,
  `post_id` bigint DEFAULT NULL,
  `user_id` bigint NOT NULL,
  PRIMARY KEY (`id`),
  KEY `FK7jok1s6lywoh0srylq8lt7tmn` (`post_id`),
  KEY `FKqm52p1v3o13hy268he0wcngr5` (`user_id`),
  CONSTRAINT `FK7jok1s6lywoh0srylq8lt7tmn` FOREIGN KEY (`post_id`) REFERENCES `posts` (`id`),
  CONSTRAINT `FKqm52p1v3o13hy268he0wcngr5` FOREIGN KEY (`user_id`) REFERENCES `users` (`id`)
) ENGINE=InnoDB AUTO_INCREMENT=17 DEFAULT CHARSET=utf8mb4 COLLATE=utf8mb4_0900_ai_ci;
/*!40101 SET character_set_client = @saved_cs_client */;

--
-- Dumping data for table `comment`
--

LOCK TABLES `comment` WRITE;
/*!40000 ALTER TABLE `comment` DISABLE KEYS */;
INSERT INTO `comment` VALUES (1,'Ồ nokia cũng làm được vậy à ',0,'kham-pha-ban-nhac-chuong-huyen-thoai-tren-may-nokia','Van Tuan',3,4),(2,'Đúng vậy bạn ơi...',0,'kham-pha-ban-nhac-chuong-huyen-thoai-tren-may-nokia','Van Hieu',3,2),(3,'Thông tin thật bổ ích',0,'ericsson-thue-bao-5g-tang-gap-ba-lan-trong-6-nam-toi','Van Hieu',6,2),(4,'Đúng vậy thật bức xúc',0,'cu-tri-tphcm-buc-xuc-vu-van-thinh-phat','Van Hieu',5,2),(5,'Tôi muốn mua loa này',0,'nhung-cong-dan-thanh-thi-hoai-co','Van Hieu',7,2),(6,'Cảm ơn Bác Tổng Bí Thư',0,'-tong-bi-thu-nguyen-phu-trong-tiep-ngoai-truong-trung-quoc-vuong-nghi','Thanh Dat',1,3),(7,'Bản nhạc này hay thực sự',0,'kham-pha-ban-nhac-chuong-huyen-thoai-tren-may-nokia','Thanh Dat',3,3),(8,'Ồ tôi cũng thích loa này',0,'nhung-cong-dan-thanh-thi-hoai-co','Thanh Dat',7,3),(9,'Thật là bất trắc',0,'chinh-phu-yeu-cau-thanh-tra-viec-ieu-hanh-tang-truong-tin-dung-cua-ngan-hang-nha-nuoc','Van Tuan',4,4),(10,'Tôi cũng rất bức xúc vấn đề này mong cơ quan nhà nước giải quyết',0,'cu-tri-tphcm-buc-xuc-vu-van-thinh-phat','Van Tuan',5,4),(11,'Bài viết hay quá',0,'ericsson-thue-bao-5g-tang-gap-ba-lan-trong-6-nam-toi','Van Tuan',6,4),(12,'Bài viết rất hay',0,'chinh-phu-yeu-cau-thanh-tra-viec-ieu-hanh-tang-truong-tin-dung-cua-ngan-hang-nha-nuoc','Van Hieu',4,2),(14,'Bài viết hay quá',0,'nhung-cong-dan-thanh-thi-hoai-co','Van Hieu',7,2),(15,'ád',0,'-tong-bi-thu-nguyen-phu-trong-tiep-ngoai-truong-trung-quoc-vuong-nghi','Dinh Quan',1,1),(16,'Oke',0,'mu-lai-gap-ac-mong-tren-san-nha-tham-bai-truoc-bournemouth','Van Hieu',13,2);
/*!40000 ALTER TABLE `comment` ENABLE KEYS */;
UNLOCK TABLES;

--
-- Table structure for table `posts`
--

DROP TABLE IF EXISTS `posts`;
/*!40101 SET @saved_cs_client     = @@character_set_client */;
/*!50503 SET character_set_client = utf8mb4 */;
CREATE TABLE `posts` (
  `id` bigint NOT NULL AUTO_INCREMENT,
  `author_name` varchar(255) DEFAULT NULL,
  `body` longtext NOT NULL,
  `image_url` varchar(255) DEFAULT NULL,
  `time_post` date DEFAULT NULL,
  `title` varchar(255) NOT NULL,
  `url_slug` varchar(255) NOT NULL,
  `user_id` bigint DEFAULT NULL,
  PRIMARY KEY (`id`),
  KEY `FK5lidm6cqbc7u4xhqpxm898qme` (`user_id`),
  CONSTRAINT `FK5lidm6cqbc7u4xhqpxm898qme` FOREIGN KEY (`user_id`) REFERENCES `users` (`id`)
) ENGINE=InnoDB AUTO_INCREMENT=16 DEFAULT CHARSET=utf8mb4 COLLATE=utf8mb4_0900_ai_ci;
/*!40101 SET character_set_client = @saved_cs_client */;

--
-- Dumping data for table `posts`
--

LOCK TABLES `posts` WRITE;
/*!40000 ALTER TABLE `posts` DISABLE KEYS */;
INSERT INTO `posts` VALUES (1,'Van Hieu','<h2 data-role=\"sapo\">Chiều 1.12, Tổng B&iacute; thư Nguyễn Ph&uacute; Trọng đ&atilde; tiếp Ủy vi&ecirc;n Bộ Ch&iacute;nh trị, Chủ nhiệm Văn ph&ograve;ng Ủy ban C&ocirc;ng t&aacute;c đối ngoại T.Ư Đảng Cộng sản Trung Quốc, Ngoại trưởng Trung Quốc Vương Nghị đang thăm, l&agrave;m việc tại Việt Nam.</h2>\n<div id=\"zone-k911czvz\">\n<div id=\"share-k911czwh\">\n<div id=\"placement-kalw78co\">\n<div id=\"banner-k911czvz-kalw78d7\">\n<div id=\"slot-1-k911czvz-kalw78d7\">\n<div id=\"ssppagebid_6302\"></div>\n</div>\n</div>\n</div>\n</div>\n</div>\n<div>\n<div data-io-article-url=\"https://thanhnien.vn/tong-bi-thu-nguyen-phu-trong-tiep-ngoai-truong-trung-quoc-vuong-nghi-185231201193057932.htm\" data-role=\"content\">\n<div data-check-position=\"body_start\">&nbsp;</div>\n<p>Tại cuộc tiếp, Tổng B&iacute; thư&nbsp;<a title=\"Tổng B&iacute; thư Nguyễn Ph&uacute; Trọng tiếp Chủ tịch Quốc hội Vương quốc Campuchia\" href=\"https://thanhnien.vn/tong-bi-thu-nguyen-phu-trong-tiep-chu-tich-quoc-hoi-vuong-quoc-campuchia-185231201172312485.htm\" target=\"_blank\" rel=\"noopener\">Nguyễn Ph&uacute; Trọng</a>&nbsp;đ&atilde; n&ecirc;u đậm về &yacute; nghĩa của quan hệ l&aacute;ng giềng hữu nghị, đối t&aacute;c hợp t&aacute;c chiến lược to&agrave;n diện Việt Nam - Trung Quốc; b&agrave;y tỏ tr&acirc;n trọng sự gi&uacute;p đỡ của nh&acirc;n d&acirc;n Trung Quốc đối với sự nghiệp c&aacute;ch mạng v&agrave; c&ocirc;ng cuộc x&acirc;y dựng chủ nghĩa x&atilde; hội, ph&aacute;t triển đất nước của Việt Nam. Đồng thời, khẳng định sự coi trọng cao độ v&agrave; ưu ti&ecirc;n h&agrave;ng đầu của Đảng v&agrave; Nh&agrave; nước Việt Nam đối với quan hệ Việt Nam - Trung Quốc.</p>\n<figure>\n<div><a title=\"Tổng B&iacute; thư Nguyễn Ph&uacute; Trọng tiếp Ngoại trưởng Trung Quốc Vương Nghị\" href=\"https://images2.thanhnien.vn/528068263637045248/2023/12/1/vnapotaltongbithunguyenphutrongtiepchunhiemvanphonguybancongtacdoingoaitudcstrungquocvuongnghi7108855-17014336009281936251823.jpg\" target=\"_blank\" rel=\"noopener\" data-fancybox=\"img-lightbox\"><img id=\"img_655022785690439680\" style=\"height: auto; width: auto;\" title=\"Tổng B&iacute; thư Nguyễn Ph&uacute; Trọng tiếp Ngoại trưởng Trung Quốc Vương Nghị - Ảnh 1.\" src=\"https://images2.thanhnien.vn/thumb_w/640/528068263637045248/2023/12/1/vnapotaltongbithunguyenphutrongtiepchunhiemvanphonguybancongtacdoingoaitudcstrungquocvuongnghi7108855-17014336009281936251823.jpg\" srcset=\"https://images2.thanhnien.vn/thumb_w/640/528068263637045248/2023/12/1/vnapotaltongbithunguyenphutrongtiepchunhiemvanphonguybancongtacdoingoaitudcstrungquocvuongnghi7108855-17014336009281936251823.jpg 1x,https://images2.thanhnien.vn/528068263637045248/2023/12/1/vnapotaltongbithunguyenphutrongtiepchunhiemvanphonguybancongtacdoingoaitudcstrungquocvuongnghi7108855-17014336009281936251823.jpg 2x\" alt=\"Tổng B&iacute; thư Nguyễn Ph&uacute; Trọng tiếp Ngoại trưởng Trung Quốc Vương Nghị - Ảnh 1.\" width=\"1170\" height=\"940\" loading=\"lazy\" data-original=\"https://images2.thanhnien.vn/528068263637045248/2023/12/1/vnapotaltongbithunguyenphutrongtiepchunhiemvanphonguybancongtacdoingoaitudcstrungquocvuongnghi7108855-17014336009281936251823.jpg\" data-author=\"\"></a></div>\n<figcaption>\n<p spellcheck=\"true\" data-placeholder=\"Nhập ch&uacute; th&iacute;ch ảnh\">Tổng B&iacute; thư Nguyễn Ph&uacute; Trọng tiếp Ngoại trưởng Trung Quốc Vương Nghị</p>\n</figcaption>\n<div>\n<p data-placeholder=\"Nhập t&aacute;c giả\">TTXVN</p>\n</div>\n</figure>\n<p>Tổng B&iacute; thư Nguyễn Ph&uacute; Trọng tin tưởng dưới sự l&atilde;nh đạo của Đảng Cộng sản Trung Quốc do Tổng B&iacute; thư, Chủ tịch nước Tập Cận B&igrave;nh l&agrave;m hạt nh&acirc;n, Trung Quốc chắc chắn sẽ thực hiện thắng lợi c&aacute;c mục ti&ecirc;u m&agrave; Đại hội XX đề ra. Việt Nam lu&ocirc;n ủng hộ nước Trung Quốc x&atilde; hội chủ nghĩa ph&aacute;t triển lớn mạnh, ph&aacute;t huy vai tr&ograve; ng&agrave;y c&agrave;ng quan trọng đối với h&ograve;a b&igrave;nh, hợp t&aacute;c v&agrave; ph&aacute;t triển trong khu vực v&agrave; tr&ecirc;n thế giới.</p>\n<p>Tổng B&iacute; thư Nguyễn Ph&uacute; Trọng ghi nhận kết quả quan trọng của Phi&ecirc;n họp lần thứ 15 Ủy ban chỉ đạo hợp t&aacute;c song phương Việt Nam - Trung Quốc. Tổng B&iacute; thư Nguyễn Ph&uacute; Trọng đề nghị hai b&ecirc;n, đặc biệt l&agrave; c&aacute;c cơ quan đối ngoại, ngoại giao của hai Đảng, hai nước ph&aacute;t huy vai tr&ograve; đầu mối trong th&uacute;c đẩy to&agrave;n diện quan hệ tr&ecirc;n c&aacute;c lĩnh vực, trọng điểm l&agrave; tăng cường giao lưu tiếp x&uacute;c cấp cao nhằm tạo định hướng chiến lược cho quan hệ song phương, tạo kh&ocirc;ng kh&iacute; thuận lợi cho tổng thể quan hệ hai Đảng, hai nước vốn kh&ocirc;ng ngừng ph&aacute;t triển tốt đẹp.</p>\n<p>Ngoại trưởng Trung Quốc Vương Nghị b&agrave;y tỏ nhất tr&iacute; cao v&agrave; tiếp thu c&aacute;c &yacute; kiến định hướng quan trọng, c&oacute; &yacute; nghĩa chiến lược của Tổng B&iacute; thư Nguyễn Ph&uacute; Trọng về tiếp tục đẩy mạnh v&agrave; l&agrave;m s&acirc;u sắc quan hệ đối t&aacute;c hợp t&aacute;c chiến lược to&agrave;n diện giữa hai Đảng, hai nước.</p>\n<figure>\n<div><a title=\"Tổng B&iacute; thư Nguyễn Ph&uacute; Trọng v&agrave; Ngoại trưởng Vương Nghị c&ugrave;ng c&aacute;c đại biểu chụp ảnh chung\" href=\"https://images2.thanhnien.vn/528068263637045248/2023/12/1/vnapotaltongbithunguyenphutrongtiepchunhiemvanphonguybancongtacdoingoaitudcstrungquocvuongnghi7108841-17014336429731765530740.jpg\" target=\"_blank\" rel=\"noopener\" data-fancybox=\"img-lightbox\"><img id=\"img_655022961736454144\" style=\"height: auto; width: auto;\" title=\"Tổng B&iacute; thư Nguyễn Ph&uacute; Trọng tiếp Ngoại trưởng Trung Quốc Vương Nghị - Ảnh 2.\" src=\"https://images2.thanhnien.vn/thumb_w/640/528068263637045248/2023/12/1/vnapotaltongbithunguyenphutrongtiepchunhiemvanphonguybancongtacdoingoaitudcstrungquocvuongnghi7108841-17014336429731765530740.jpg\" srcset=\"https://images2.thanhnien.vn/thumb_w/640/528068263637045248/2023/12/1/vnapotaltongbithunguyenphutrongtiepchunhiemvanphonguybancongtacdoingoaitudcstrungquocvuongnghi7108841-17014336429731765530740.jpg 1x,https://images2.thanhnien.vn/528068263637045248/2023/12/1/vnapotaltongbithunguyenphutrongtiepchunhiemvanphonguybancongtacdoingoaitudcstrungquocvuongnghi7108841-17014336429731765530740.jpg 2x\" alt=\"Tổng B&iacute; thư Nguyễn Ph&uacute; Trọng tiếp Ngoại trưởng Trung Quốc Vương Nghị - Ảnh 2.\" width=\"1417\" height=\"887\" loading=\"lazy\" data-original=\"https://images2.thanhnien.vn/528068263637045248/2023/12/1/vnapotaltongbithunguyenphutrongtiepchunhiemvanphonguybancongtacdoingoaitudcstrungquocvuongnghi7108841-17014336429731765530740.jpg\" data-author=\"\"></a></div>\n<figcaption>\n<p spellcheck=\"true\" data-placeholder=\"Nhập ch&uacute; th&iacute;ch ảnh\">Tổng B&iacute; thư Nguyễn Ph&uacute; Trọng v&agrave; Ngoại trưởng Vương Nghị c&ugrave;ng c&aacute;c đại biểu chụp ảnh chung</p>\n</figcaption>\n<div>\n<p data-placeholder=\"Nhập t&aacute;c giả\">TTXVN</p>\n</div>\n</figure>\n<p>Ngoại trưởng Trung Quốc b&agrave;y tỏ tin tưởng dưới sự l&atilde;nh đạo của T.Ư Đảng Cộng sản Việt Nam do Tổng B&iacute; thư Nguyễn Ph&uacute; Trọng đứng đầu, Việt Nam nhất định sẽ thực hiện th&agrave;nh c&ocirc;ng mục ti&ecirc;u ph&aacute;t triển đến năm 2030 v&agrave; năm 2045 do Đại hội XIII đề ra.</p>\n<p>Ngoại trưởng Vương Nghị nhấn mạnh, dưới sự chỉ đạo v&agrave; định hướng của hai Tổng B&iacute; thư hai Đảng, c&aacute;c ng&agrave;nh, c&aacute;c cấp của hai b&ecirc;n sẽ tiếp tục th&uacute;c đẩy hợp t&aacute;c thực chất, hiệu quả tr&ecirc;n c&aacute;c lĩnh vực, tăng cường tin cậy ch&iacute;nh trị, kh&ocirc;ng ngừng l&agrave;m phong ph&uacute; nội h&agrave;m quan hệ l&aacute;ng giềng hữu nghị, đối t&aacute;c hợp t&aacute;c chiến lược to&agrave;n diện Việt Nam - Trung Quốc trong thời gian tới.</p>\n</div>\n</div>','https://res.cloudinary.com/dxpghnb5n/image/upload/v1701450746/image/qsj89uvbyrfc64fzy6gz.png','2023-12-02',' Tổng Bí thư Nguyễn Phú Trọng tiếp Ngoại trưởng Trung Quốc Vương Nghị','-tong-bi-thu-nguyen-phu-trong-tiep-ngoai-truong-trung-quoc-vuong-nghi',2),(3,'Van Hieu','<h2 data-role=\"sapo\">Nhạc chu&ocirc;ng iPhone c&oacute; thể đ&atilde; trở n&ecirc;n phổ biến hơn, nhưng bản nhạc chu&ocirc;ng huyền thoại từ Nokia vẫn l&agrave; một điều g&igrave; đ&oacute; quen thuộc với nhiều người. Tuy nhi&ecirc;n, liệu mọi người c&oacute; biết đến lịch sử của n&oacute;?</h2>\n<div id=\"zone-k911czvz\">\n<div id=\"share-k911czwh\">\n<div id=\"placement-kan92lix\">\n<div id=\"banner-k911czvz-kan92ljb\">\n<div id=\"slot-1-k911czvz-kan92ljb\">\n<div id=\"ssppagebid_6322\">\n<div id=\"sspbid_2015048\" data-height=\"undefined\" data-width=\"undefined\" data-location=\"5\" data-admssprqid=\"49da9d15-642e-47c7-94a8-16df76f7dc36120-656a1424\" data-ssp=\"sspbid_2015048\"><iframe id=\"ads-place-2015048\" width=\"0\" height=\"0\" scrolling=\"no\"></iframe></div>\n</div>\n</div>\n</div>\n</div>\n</div>\n</div>\n<div>\n<div data-io-article-url=\"https://thanhnien.vn/kham-pha-ban-nhac-chuong-huyen-thoai-tren-may-nokia-185231129133758077.htm\" data-role=\"content\">\n<div data-check-position=\"body_start\">&nbsp;</div>\n<p>Theo&nbsp;<em>SlashGear</em>, mặc d&ugrave; Nokia đ&atilde;&nbsp;rớt&nbsp;khỏi vị tr&iacute; dẫn đầu trong ng&agrave;nh điện thoại di động nhưng giai điệu nhỏ th&uacute; vị của&nbsp;<a title=\"nhạc chu&ocirc;ng\" href=\"https://thanhnien.vn/dem-nhac-chuong-doc-quyen-cua-iphone-x-len-cac-iphone-khac-185708224.htm\" data-rel=\"follow\">nhạc chu&ocirc;ng</a>&nbsp;Nokia c&oacute; thể được nhận ra ngay lập tức. Đ&oacute; l&agrave; một loại tiếng b&iacute;p v&agrave; bụp thay v&igrave; một m&agrave;n tr&igrave;nh diễn nhạc được ghi &acirc;m. Đến năm 2011, c&ocirc;ng ty Phần Lan thậm ch&iacute; c&ograve;n tổ chức một cuộc thi vinh danh bản phối lại hay nhất của \"Nokia Tune\".</p>\n<figure>\n<div><a title=\"Nokia Tune l&agrave; bản nhạc chu&ocirc;ng huyền thoại với nhiều người\" href=\"https://images2.thanhnien.vn/528068263637045248/2023/11/29/1-1701239219345467649474.jpg\" target=\"_blank\" rel=\"noopener\" data-fancybox=\"img-lightbox\"><img id=\"img_654207489791463424\" style=\"height: auto; width: auto;\" title=\"Những điều chưa biết về bản nhạc chu&ocirc;ng huyền thoại từ Nokia - Ảnh 1.\" src=\"https://images2.thanhnien.vn/thumb_w/640/528068263637045248/2023/11/29/1-1701239219345467649474.jpg\" srcset=\"https://images2.thanhnien.vn/thumb_w/640/528068263637045248/2023/11/29/1-1701239219345467649474.jpg 1x,https://images2.thanhnien.vn/528068263637045248/2023/11/29/1-1701239219345467649474.jpg 2x\" alt=\"Những điều chưa biết về bản nhạc chu&ocirc;ng huyền thoại từ Nokia - Ảnh 1.\" width=\"768\" height=\"512\" loading=\"lazy\" data-original=\"https://images2.thanhnien.vn/528068263637045248/2023/11/29/1-1701239219345467649474.jpg\" data-author=\"\"></a></div>\n<figcaption>\n<p data-placeholder=\"Nhập ch&uacute; th&iacute;ch ảnh\">Nokia Tune l&agrave; bản nhạc chu&ocirc;ng huyền thoại với nhiều người</p>\n</figcaption>\n<div>\n<p data-placeholder=\"Nhập t&aacute;c giả\">AFP</p>\n</div>\n</figure>\n<p>Tr&ecirc;n thực tế, nhạc chu&ocirc;ng Nokia rất dễ nhận biết đến nỗi trong loạt phim&nbsp;<em>Alias&nbsp;</em>của ABC v&agrave;o năm 2001, nh&acirc;n vật ch&iacute;nh Sydney Bristow do Jennifer Garner thủ vai đ&atilde; sử dụng nhạc chu&ocirc;ng n&agrave;y để đ&aacute;nh lạc hướng kẻ th&ugrave;, từ đ&oacute; chiếm&nbsp;thế&nbsp;thượng phong ở cảnh chiến đấu trong phim. V&agrave;o thời điểm đ&oacute;, nhạc chu&ocirc;ng Nokia đủ nổi tiếng đến mức nghe qua th&ocirc;i l&agrave; ai cũng biết.</p>\n<p>Vấn đề l&agrave;, c&oacute; một c&acirc;u hỏi được đặt ra về việc giai điệu vui nhộn đ&oacute; đến từ đ&acirc;u? C&oacute; phải n&oacute; được viết ri&ecirc;ng cho&nbsp;<a title=\"Nokia\" href=\"https://thanhnien.vn/nokia-cong-bo-giai-phap-dot-pha-ve-ai-185231128163142505.htm\" data-rel=\"follow\">Nokia</a>? Hay n&oacute; được mượn từ một bản nhạc đ&atilde; xuất bản trước đ&oacute;?</p>\n<p>C&acirc;u trả lời đ&oacute; l&agrave; n&oacute; đến từ một s&aacute;ng t&aacute;c cổ điển. Nguồn cảm hứng trực tiếp cho nhạc chu&ocirc;ng Nokia l&agrave; một đoạn của&nbsp;<em>Gran Vals</em>&nbsp;- một b&agrave;i h&aacute;t năm 1902 của nghệ sĩ guitar cổ điển Francisco Tarrega, với phần được sử dụng l&agrave;m nhạc chu&ocirc;ng bắt đầu ở mốc 12 gi&acirc;y của bản ghi &acirc;m. Bản nhạc n&agrave;y được cung cấp \"public\" n&ecirc;n kh&ocirc;ng c&oacute; bất kỳ r&agrave;o cản bản quyền n&agrave;o cần x&oacute;a, v&igrave; vậy n&oacute; đ&atilde; được Nokia lựa chọn. Trong thực tế, nhiều b&agrave;i h&aacute;t kh&aacute;c nhau đ&atilde; được thử nghiệm trước khi Nokia tung ra chiếc điện thoại đầu ti&ecirc;n c&oacute; giai điệu nhạc chu&ocirc;ng Nokia v&agrave;o năm 1994.</p>\n<p>Ngo&agrave;i ra, tr&ecirc;n điện thoại Nokia, trong menu chọn nhạc chu&ocirc;ng, giai điệu của Nokia Tune lại được gọi l&agrave; \"Grande Valse\" thay v&igrave; \"Gran Vals\". Đ&oacute; l&agrave; bởi v&igrave; Tarrega đ&atilde; lấy một phần đoạn tr&iacute;ch được sử dụng l&agrave;m nhạc chu&ocirc;ng trong s&aacute;ng t&aacute;c của Frederic Chopin c&oacute; t&ecirc;n&nbsp;<em>Grande Valse</em>. Tarrega cho biết, mặc d&ugrave; nhạc chu&ocirc;ng Nokia kh&ocirc;ng giống với phần li&ecirc;n quan trong b&agrave;i h&aacute;t của Chopin, nhưng n&oacute; kh&ocirc;ng phải l&agrave; sự s&aacute;ng tạo ho&agrave;n to&agrave;n nguy&ecirc;n bản của anh ấy.</p>\n</div>\n</div>','https://res.cloudinary.com/dxpghnb5n/image/upload/v1701450831/image/glejzvjgi6eo7zsgucv8.png','2023-12-02','Khám phá bản nhạc chuông huyền thoại trên máy Nokia','kham-pha-ban-nhac-chuong-huyen-thoai-tren-may-nokia',2),(4,'Thanh Dat','<h2 data-role=\"sapo\">Ph&oacute; thủ tướng L&ecirc; Minh Kh&aacute;i y&ecirc;u cầu Thanh tra Ch&iacute;nh phủ tiến h&agrave;nh thanh tra việc thực hiện chức năng, nhiệm vụ được giao của Ng&acirc;n h&agrave;ng Nh&agrave; nước trong điều h&agrave;nh tăng trưởng t&iacute;n dụng, x&acirc;y dựng, giao, điều h&agrave;nh chỉ ti&ecirc;u, hạn mức tăng trưởng t&iacute;n dụng trong năm 2022 v&agrave; 2023, c&ocirc;ng t&aacute;c quản l&yacute;, gi&aacute;m s&aacute;t việc thực hiện tăng trưởng t&iacute;n dụng.</h2>\n<div id=\"zone-k911czvz\">\n<div id=\"share-k911czwh\">\n<div id=\"placement-kalwk1b3\">\n<div id=\"banner-k911czvz-kalwk1bi\">\n<div id=\"slot-1-k911czvz-kalwk1bi\">\n<div id=\"ssppagebid_6306\"></div>\n</div>\n</div>\n</div>\n</div>\n</div>\n<div>\n<div data-io-article-url=\"https://thanhnien.vn/chinh-phu-yeu-cau-thanh-tra-viec-dieu-hanh-tang-truong-tin-dung-cua-ngan-hang-nha-nuoc-185231201195734064.htm\" data-role=\"content\">\n<div data-check-position=\"body_start\">&nbsp;</div>\n<p>Văn ph&ograve;ng Ch&iacute;nh phủ vừa c&oacute; c&ocirc;ng văn gửi Thanh tra Ch&iacute;nh phủ v&agrave;&nbsp;<a title=\"Ng&acirc;n h&agrave;ng Nh&agrave; nước\" href=\"https://thanhnien.vn/ngan-hang-nha-nuoc-cap-them-han-muc-tin-dung-cho-cac-nha-bang-185231130102926038.htm\" data-rel=\"follow\">Ng&acirc;n h&agrave;ng Nh&agrave; nước</a>&nbsp;(NHNN) về thanh tra việc điều h&agrave;nh tăng trưởng t&iacute;n dụng.</p>\n<figure>\n<div><a title=\"Đến nay, tăng trưởng t&iacute;n dụng năm 2023 c&ograve;n thấp, chưa đạt mục ti&ecirc;u đề ra\" href=\"https://images2.thanhnien.vn/528068263637045248/2023/12/1/tien-17014349978521277281172.png\" target=\"_blank\" rel=\"noopener\" data-fancybox=\"img-lightbox\"><img id=\"img_655028649802072064\" style=\"height: auto; width: auto;\" title=\"Ch&iacute;nh phủ y&ecirc;u cầu thanh tra việc điều h&agrave;nh tăng trưởng t&iacute;n dụng của NHNN - Ảnh 1.\" src=\"https://images2.thanhnien.vn/thumb_w/640/528068263637045248/2023/12/1/tien-17014349978521277281172.png\" srcset=\"https://images2.thanhnien.vn/thumb_w/640/528068263637045248/2023/12/1/tien-17014349978521277281172.png 1x,https://images2.thanhnien.vn/528068263637045248/2023/12/1/tien-17014349978521277281172.png 2x\" alt=\"Ch&iacute;nh phủ y&ecirc;u cầu thanh tra việc điều h&agrave;nh tăng trưởng t&iacute;n dụng của NHNN - Ảnh 1.\" width=\"1228\" height=\"805\" loading=\"lazy\" data-original=\"https://images2.thanhnien.vn/528068263637045248/2023/12/1/tien-17014349978521277281172.png\" data-author=\"\"></a></div>\n<figcaption>\n<p data-placeholder=\"Nhập ch&uacute; th&iacute;ch ảnh\">Đến nay, tăng trưởng t&iacute;n dụng năm 2023 c&ograve;n thấp, chưa đạt mục ti&ecirc;u đề ra</p>\n</figcaption>\n<div>\n<p data-placeholder=\"Nhập t&aacute;c giả\">HUY HƯNG</p>\n</div>\n</figure>\n<p>C&ocirc;ng văn n&ecirc;u r&otilde;,<strong>&nbsp;</strong>thời gian qua, Ch&iacute;nh phủ, Thường trực Ch&iacute;nh phủ v&agrave; l&atilde;nh đạo Ch&iacute;nh phủ đ&atilde; c&oacute; nhiều chỉ đạo bằng văn bản y&ecirc;u cầu NHNN thực hiện đồng bộ, kịp thời, hiệu quả c&aacute;c giải ph&aacute;p điều h&agrave;nh tăng trưởng t&iacute;n dụng.</p>\n<p>X&aacute;c định hạn mức tăng trưởng t&iacute;n dụng cả năm 2023 ph&ugrave; hợp với t&igrave;nh h&igrave;nh thực tiễn, bảo đảm cung cấp đủ vốn t&iacute;n dụng phục vụ nền kinh tế v&agrave; an to&agrave;n hệ thống c&aacute;c tổ chức t&iacute;n dụng, tăng khả năng tiếp cận t&iacute;n dụng của doanh nghiệp, người d&acirc;n, g&oacute;p phần th&aacute;o gỡ kh&oacute; khăn cho sản xuất kinh doanh, th&uacute;c đẩy tăng trưởng kinh tế.</p>\n<p>Tuy nhi&ecirc;n, đến nay, tăng trưởng t&iacute;n dụng năm 2023 c&ograve;n thấp, chưa đạt mục ti&ecirc;u đề ra. Việc tiếp cận vốn t&iacute;n dụng c&ograve;n nhiều kh&oacute; khăn, việc ph&acirc;n giao hạn mức tăng trưởng t&iacute;n dụng đối với c&aacute;c tổ chức t&iacute;n dụng (TCTD) chưa thực sự khoa học, kịp thời, hiệu quả, c&ograve;n c&oacute; &yacute; kiến phản &aacute;nh của đại biểu Quốc hội v&agrave; c&aacute;c chuy&ecirc;n gia.</p>\n<p>Để kịp thời tăng cường c&ocirc;ng t&aacute;c quản l&yacute; nh&agrave; nước, n&acirc;ng cao hiệu quả điều h&agrave;nh tăng trưởng t&iacute;n dụng, Ph&oacute; thủ tướng L&ecirc; Minh Kh&aacute;i y&ecirc;u cầu Thanh tra Ch&iacute;nh phủ tiến h&agrave;nh thanh tra việc thực hiện chức năng, nhiệm vụ được giao của NHNN trong điều h&agrave;nh tăng trưởng t&iacute;n dụng, x&acirc;y dựng, giao, điều h&agrave;nh chỉ ti&ecirc;u, hạn mức tăng trưởng t&iacute;n dụng trong năm 2022 v&agrave; 2023, c&ocirc;ng t&aacute;c quản l&yacute;, gi&aacute;m s&aacute;t việc thực hiện tăng trưởng t&iacute;n dụng; b&aacute;o c&aacute;o Thủ tướng Ch&iacute;nh phủ việc triển khai trong th&aacute;ng 12 v&agrave; kết quả thanh tra trong th&aacute;ng 1.2024.</p>\n<p>Trước đ&oacute;, ng&agrave;y 29.11, NHNN đ&atilde; c&oacute; văn bản gửi c&aacute;c TCTD th&ocirc;ng b&aacute;o mức tăng trưởng<a title=\"t&iacute;n dụng\" href=\"https://thanhnien.vn/de-xuat-them-goi-tin-dung-110000-ti-dong-lai-vay-duoi-5-cho-nha-o-xa-hoi-185231129110004183.htm\" data-rel=\"follow\">&nbsp;t&iacute;n dụng</a>&nbsp;th&ecirc;m cho c&aacute;c TCTD c&ocirc;ng khai, minh bạch theo c&aacute;c nguy&ecirc;n tắc v&agrave; ti&ecirc;u ch&iacute; cụ thể.&nbsp;</p>\n<p>Theo đ&oacute;, c&aacute;c TCTD c&oacute; dư nợ t&iacute;n dụng đến nay đạt đến 80% chỉ ti&ecirc;u t&iacute;n dụng đ&atilde; được th&ocirc;ng b&aacute;o th&igrave; sẽ được chủ động bổ sung hạn mức tăng th&ecirc;m dựa tr&ecirc;n cơ sở xếp hạng năm 2022; đồng thời ưu ti&ecirc;n th&ecirc;m cho những TCTD tập trung t&iacute;n dụng v&agrave;o c&aacute;c lĩnh vực ưu ti&ecirc;n của Ch&iacute;nh phủ v&agrave; hạ l&atilde;i suất cho vay xuống mức thấp trong thời gian vừa qua.</p>\n<p>Đồng thời, NHNN y&ecirc;u cầu c&aacute;c TCTD cấp t&iacute;n dụng an to&agrave;n, l&agrave;nh mạnh, hỗ trợ doanh nghiệp, đảm bảo tăng trưởng t&iacute;n dụng ph&ugrave; hợp với năng lực quản l&yacute; rủi ro, khả năng huy động vốn, cũng như c&acirc;n đối đủ nguồn vốn để cấp t&iacute;n dụng, tiếp tục duy tr&igrave; ổn định mặt bằng l&atilde;i suất huy động v&agrave; t&iacute;ch cực giảm l&atilde;i suất cho vay, hướng t&iacute;n dụng v&agrave;o lĩnh vực sản xuất kinh doanh, lĩnh vực ưu ti&ecirc;n v&agrave; c&aacute;c động lực tăng trưởng theo chủ trương của Ch&iacute;nh phủ, đ&aacute;p ứng kịp thời nhu cầu vốn của người d&acirc;n, doanh nghiệp.&nbsp;</p>\n<p>Tăng cường r&agrave; so&aacute;t, cắt giảm thủ tục h&agrave;nh ch&iacute;nh, đơn giản h&oacute;a quy tr&igrave;nh, thủ tục cho vay, vừa đảm bảo tu&acirc;n thủ quy định, vừa tạo điều kiện thuận lợi cho kh&aacute;ch h&agrave;ng tiếp cận t&iacute;n dụng ng&acirc;n h&agrave;ng, hỗ trợ doanh nghiệp, người d&acirc;n phục hồi sản xuất, kinh doanh.</p>\n</div>\n</div>','https://res.cloudinary.com/dxpghnb5n/image/upload/v1701450908/image/u2i8suhedyl0mcy92dmq.png','2023-12-02','Chính phủ yêu cầu thanh tra việc điều hành tăng trưởng tín dụng của Ngân hàng Nhà nước','chinh-phu-yeu-cau-thanh-tra-viec-ieu-hanh-tang-truong-tin-dung-cua-ngan-hang-nha-nuoc',3),(5,'Thanh Dat','<h2 data-role=\"sapo\">Cử tri Đặng Văn R&agrave;nh (ngụ P.1, Q.11, TP.HCM) cho rằng, an ninh t&agrave;i ch&iacute;nh của nền kinh tế qu&aacute; mong manh sau vụ Vạn Thịnh Ph&aacute;t.</h2>\n<div id=\"zone-k911czvz\">\n<div id=\"share-k911czwh\">\n<div id=\"placement-kalw78co\">\n<div id=\"banner-k911czvz-kalw78d7\">\n<div id=\"slot-1-k911czvz-kalw78d7\">\n<div id=\"ssppagebid_6302\"></div>\n</div>\n</div>\n</div>\n</div>\n</div>\n<div>\n<div data-io-article-url=\"https://thanhnien.vn/cu-tri-tphcm-buc-xuc-vu-van-thinh-phat-185231201174002643.htm\" data-role=\"content\">\n<div data-check-position=\"body_start\">&nbsp;</div>\n<p>Chiều 1.12, tổ đại biểu Quốc hội đơn vị số 3 gồm: &ocirc;ng L&ecirc; Minh Tr&iacute;, Viện trưởng Viện KSND tối cao; &ocirc;ng L&ecirc; Thanh Phong, Ch&aacute;nh &aacute;n TAND TP.HCM; &ocirc;ng Nguyễn Tri Thức, Gi&aacute;m đốc Bệnh viện Chợ Rẫy, c&oacute; buổi tiếp x&uacute;c cử tri Q.5, Q.8, Q.11 sau kỳ họp thứ 6, Quốc hội kh&oacute;a XV.</p>\n<p>Cử tri Đặng Văn R&agrave;nh (ngụ P.1, Q.11) cho rằng, an ninh t&agrave;i ch&iacute;nh của nền kinh tế qu&aacute; mong manh, khi b&agrave; Trương Mỹ Lan, Chủ tịch HĐQT Tập đo&agrave;n&nbsp;<a title=\"Vạn Thịnh Ph&aacute;t\" href=\"https://thanhnien.vn/van-thinh-phat.html\" target=\"_blank\" rel=\"noopener\">Vạn Thịnh Ph&aacute;t</a>&nbsp;chiếm đoạt 304.000 tỉ đồng.</p>\n<p>Cử tri R&agrave;nh nhắc lại, Ng&acirc;n h&agrave;ng Nh&agrave; nước quy định c&aacute; nh&acirc;n kh&ocirc;ng được sở hữu vượt qu&aacute; 5% cổ phần của một ng&acirc;n h&agrave;ng, b&agrave; Lan chỉ đứng t&ecirc;n hơn 4%, 80% c&ograve;n lại nhờ 74 người kh&aacute;c. Nhưng đến năm 2018, b&agrave; Lan sở hữu 91,5% cổ phần dưới danh nghĩa của 27 ph&aacute;p nh&acirc;n, c&aacute; nh&acirc;n.</p>\n<figure>\n<div><a title=\"Cử tri Đặng Văn R&agrave;nh (ngụ P.1, Q.11) n&ecirc;u &yacute; kiến về vụ Vạn Thịnh Ph&aacute;t\" href=\"https://images2.thanhnien.vn/528068263637045248/2023/12/1/ranh-1701427717165715741537.jpg\" target=\"_blank\" rel=\"noopener\" data-fancybox=\"img-lightbox\"><img id=\"img_654998110986567680\" style=\"height: auto; width: auto;\" title=\"Cử tri TP.HCM bức x&uacute;c vụ Vạn Thịnh Ph&aacute;t - Ảnh 1.\" src=\"https://images2.thanhnien.vn/thumb_w/640/528068263637045248/2023/12/1/ranh-1701427717165715741537.jpg\" srcset=\"https://images2.thanhnien.vn/thumb_w/640/528068263637045248/2023/12/1/ranh-1701427717165715741537.jpg 1x,https://images2.thanhnien.vn/528068263637045248/2023/12/1/ranh-1701427717165715741537.jpg 2x\" alt=\"Cử tri TP.HCM bức x&uacute;c vụ Vạn Thịnh Ph&aacute;t - Ảnh 1.\" width=\"2000\" height=\"1333\" loading=\"lazy\" data-original=\"https://images2.thanhnien.vn/528068263637045248/2023/12/1/ranh-1701427717165715741537.jpg\" data-author=\"\"></a></div>\n<figcaption>\n<p data-placeholder=\"Nhập ch&uacute; th&iacute;ch ảnh\">Cử tri Đặng Văn R&agrave;nh (ngụ P.1, Q.11) n&ecirc;u &yacute; kiến về vụ Vạn Thịnh Ph&aacute;t</p>\n</figcaption>\n<div>\n<p data-placeholder=\"Nhập t&aacute;c giả\">TRỌNG NGHĨA</p>\n</div>\n</figure>\n<p>&Ocirc;ng R&agrave;nh bức x&uacute;c, nguy&ecirc;n nh&acirc;n của những sai phạm tr&ecirc;n xuất ph&aacute;t từ trưởng đo&agrave;n thanh tra li&ecirc;n ng&agrave;nh Ng&acirc;n h&agrave;ng Nh&agrave; nước Đỗ Thị Nh&agrave;n đ&atilde; nhận hối lộ 5,2 triệu USD n&ecirc;n chỉ đạo \"x&oacute;a mờ\" nhiều sai phạm nghi&ecirc;m trọng của Ng&acirc;n h&agrave;ng SCB.</p>\n<p>Ngo&agrave;i ra, &ocirc;ng R&agrave;nh đặt vấn đề tại sao Vạn Thịnh Ph&aacute;t sở hữu nhiều đất v&agrave;ng v&agrave; c&oacute; phải mua qua đấu gi&aacute; kh&ocirc;ng.</p>\n<p>Qua đ&oacute;, cử tri kiến nghị Quốc hội cần c&oacute; quy chế tăng cường gi&aacute;m s&aacute;t c&ocirc;ng t&aacute;c thanh tra, điều tra, giải quyết khiếu nại tố c&aacute;o của cả nước từ những vụ việc cụ thể để ph&ograve;ng, ngừa những sai phạm.</p>\n<p>Một số &yacute; kiến của cử tri cũng đề cập đến vụ &ocirc;ng&nbsp;<a title=\"Cử tri TP.HCM n&ecirc;u &yacute; kiến về vụ &ocirc;ng Lưu B&igrave;nh Nhưỡng\" href=\"https://thanhnien.vn/cu-tri-tphcm-neu-y-kien-ve-vu-ong-luu-binh-nhuong-185231130171643743.htm\" target=\"_blank\" rel=\"noopener\">Lưu B&igrave;nh Nhưỡng</a>.</p>\n<h2>\"Cơ quan chức năng sẽ l&agrave;m hết sức m&igrave;nh\"</h2>\n<p>Phản hồi &yacute; kiến&nbsp;<a title=\"cử tri\" href=\"https://thanhnien.vn/cu-tri-tphcm-de-nghi-bo-quy-hoach-treo-tren-20-nam-185231130201742866.htm\" data-rel=\"follow\">cử tri</a>, đại biểu Quốc hội L&ecirc; Minh Tr&iacute;, Viện trưởng Viện KSND tối cao, cho biết vụ Vạn Thịnh Ph&aacute;t đ&atilde; khởi tố 3 vụ &aacute;n. Trong đ&oacute;, mới điều tra xong giai đoạn 1 v&agrave; đang tiếp tục điều tra n&ecirc;n chưa thể th&ocirc;ng tin đến cử tri. Khi kết luận điều tra, truy tố, x&eacute;t xử tới đ&acirc;u sẽ th&ocirc;ng tin đến cử tri theo d&otilde;i.</p>\n<figure>\n<div><a title=\"Đại biểu Quốc hội L&ecirc; Minh Tr&iacute;, Viện trưởng Viện KSND tối cao, ph&aacute;t biểu tại buổi tiếp x&uacute;c cử tri\" href=\"https://images2.thanhnien.vn/528068263637045248/2023/12/1/le-minh-tri-1701427672305391913727.jpg\" target=\"_blank\" rel=\"noopener\" data-fancybox=\"img-lightbox\"><img id=\"img_654997923448180736\" style=\"height: auto; width: auto;\" title=\"Cử tri TP.HCM bức x&uacute;c vụ Vạn Thịnh Ph&aacute;t - Ảnh 2.\" src=\"https://images2.thanhnien.vn/thumb_w/640/528068263637045248/2023/12/1/le-minh-tri-1701427672305391913727.jpg\" srcset=\"https://images2.thanhnien.vn/thumb_w/640/528068263637045248/2023/12/1/le-minh-tri-1701427672305391913727.jpg 1x,https://images2.thanhnien.vn/528068263637045248/2023/12/1/le-minh-tri-1701427672305391913727.jpg 2x\" alt=\"Cử tri TP.HCM bức x&uacute;c vụ Vạn Thịnh Ph&aacute;t - Ảnh 2.\" width=\"2000\" height=\"1333\" loading=\"lazy\" data-original=\"https://images2.thanhnien.vn/528068263637045248/2023/12/1/le-minh-tri-1701427672305391913727.jpg\" data-author=\"\"></a></div>\n<figcaption>\n<p data-placeholder=\"Nhập ch&uacute; th&iacute;ch ảnh\">Đại biểu Quốc hội L&ecirc; Minh Tr&iacute;, Viện trưởng Viện KSND tối cao, ph&aacute;t biểu tại buổi tiếp x&uacute;c cử tri</p>\n</figcaption>\n<div>\n<p data-placeholder=\"Nhập t&aacute;c giả\">TRỌNG NGHĨA</p>\n</div>\n</figure>\n<p>&Ocirc;ng Tr&iacute; cho biết, cơ quan chức năng sẽ l&agrave;m hết sức m&igrave;nh để đảm bảo cao nhất trong việc chứng minh tội phạm, thu hồi t&agrave;i sản m&agrave; g&acirc;y thất tho&aacute;t cho nh&agrave; nước cũng như c&aacute;c tổ chức, c&aacute; nh&acirc;n hợp ph&aacute;p kh&aacute;c.</p>\n<div id=\"zone-l2srqb41\">\n<div id=\"share-l2srqbkq\">\n<div id=\"placement-kspipz1y\">\n<div id=\"banner-l2srqb41-kspiq11b\">\n<div id=\"slot-1-l2srqb41-kspiq11b\"></div>\n</div>\n</div>\n</div>\n</div>\n<p>Ngo&agrave;i ra, &ocirc;ng Tr&iacute; th&ocirc;ng tin vụ &aacute;n &ocirc;ng Lưu B&igrave;nh Nhưỡng đang trong qu&aacute; tr&igrave;nh điều tra, xử l&yacute; nghi&ecirc;m theo quy định. \"Hiện vụ &aacute;n đang điều tra theo quy định của ph&aacute;p luật, ch&uacute;ng ta theo d&otilde;i kh&ocirc;ng n&ecirc;n qu&aacute; lo lắng. Cơ chế kiểm so&aacute;t của Đảng, cơ chế kiểm so&aacute;t của c&aacute;c cơ quan thẩm quyền đ&atilde; c&oacute;\", &ocirc;ng Tr&iacute; n&oacute;i.</p>\n</div>\n</div>','https://res.cloudinary.com/dxpghnb5n/image/upload/v1701450996/image/bid5hdtn8yjrggavoyyb.png','2023-12-02','Cử tri TP.HCM bức xúc vụ Vạn Thịnh Phát','cu-tri-tphcm-buc-xuc-vu-van-thinh-phat',3),(6,'Van Tuan','<h3 data-role=\"sapo\">Thu&ecirc; bao 5G to&agrave;n cầu được dự b&aacute;o sẽ đạt 5,3 tỉ v&agrave;o cuối năm 2029, với 85% d&acirc;n số to&agrave;n cầu sẽ được phủ s&oacute;ng 5G v&agrave;o cuối năm 2029.</h3>\n<div>\n<div data-io-article-url=\"https://thanhnien.vn/ericsson-thue-bao-5g-tang-gap-ba-lan-trong-6-nam-toi-185231201141743628.htm\" data-role=\"content\">\n<p>Ericsson vừa đưa ra b&aacute;o c&aacute;o ước t&iacute;nh gần 1/5 tổng số thu&ecirc; bao di động to&agrave;n cầu sẽ l&agrave; thu&ecirc; bao&nbsp;<a title=\"5G\" href=\"https://thanhnien.vn/viettel-cong-bo-chip-5g-va-tro-ly-ao-ai-185231028153512901.htm\" data-rel=\"follow\">5G</a>&nbsp;v&agrave;o cuối năm 2023, nhờ tốc độ tăng trưởng ổn định bất chấp những kh&oacute; khăn kinh tế thường xuy&ecirc;n v&agrave; bất ổn địa ch&iacute;nh trị ở một số thị trường.&nbsp;</p>\n<p>Cụ thể, b&aacute;o c&aacute;o của Ericsson dự đo&aacute;n sẽ c&oacute; 610 triệu thu&ecirc; bao 5G mới cho năm dương lịch 2023, tăng 63% so với năm 2022, n&acirc;ng tổng số thu&ecirc; bao to&agrave;n cầu l&ecirc;n 1,6 tỉ, cao hơn khoảng 100 triệu thu&ecirc; bao so với dự b&aacute;o trước đ&oacute;.</p>\n<figure>\n<div><a title=\"Thu&ecirc; bao 5G sẽ tiếp tục b&ugrave;ng nổ trong thời gian tới\" href=\"https://images2.thanhnien.vn/528068263637045248/2023/12/1/5g4-1701414689075926921908.jpg\" target=\"_blank\" rel=\"noopener\" data-fancybox=\"img-lightbox\"><img id=\"img_654943462173745152\" style=\"height: auto; width: auto;\" title=\"Ericsson: thu&ecirc; bao 5G sẽ tăng gấp ba lần trong s&aacute;u năm tới - Ảnh 1.\" src=\"https://images2.thanhnien.vn/thumb_w/640/528068263637045248/2023/12/1/5g4-1701414689075926921908.jpg\" srcset=\"https://images2.thanhnien.vn/thumb_w/640/528068263637045248/2023/12/1/5g4-1701414689075926921908.jpg 1x,https://images2.thanhnien.vn/528068263637045248/2023/12/1/5g4-1701414689075926921908.jpg 2x\" alt=\"Ericsson: thu&ecirc; bao 5G sẽ tăng gấp ba lần trong s&aacute;u năm tới - Ảnh 1.\" width=\"750\" height=\"500\" loading=\"lazy\" data-original=\"https://images2.thanhnien.vn/528068263637045248/2023/12/1/5g4-1701414689075926921908.jpg\" data-author=\"\"></a></div>\n<figcaption>\n<p data-placeholder=\"Nhập ch&uacute; th&iacute;ch ảnh\">Thu&ecirc; bao 5G sẽ tiếp tục b&ugrave;ng nổ trong thời gian tới</p>\n</figcaption>\n<div>\n<p data-placeholder=\"Nhập t&aacute;c giả\">AFP</p>\n</div>\n</figure>\n<p>X&eacute;t theo khu vực, thu&ecirc; bao 5G ở Bắc Mỹ tiếp tục ph&aacute;t triển mạnh mẽ. Đến cuối năm 2023, khu vực n&agrave;y dự kiến sẽ c&oacute; tỷ lệ sử dụng thu&ecirc; bao 5G cao nhất tr&ecirc;n to&agrave;n cầu với mức 61%. Tốc độ tăng trưởng thu&ecirc; bao 5G cũng mạnh mẽ ở Ấn Độ trong suốt năm 2023. V&agrave;o cuối năm 2023, 14 th&aacute;ng sau khi ra mắt thương mại, tỷ lệ th&acirc;m nhập 5G dự kiến sẽ đạt 11% ở Ấn Độ.</p>\n<p>Trong 6 năm từ cuối năm 2023 đến năm 2029, số thu&ecirc; bao 5G to&agrave;n cầu được dự b&aacute;o sẽ tăng hơn 330%, từ 1,6 tỉ l&ecirc;n 5,3 tỉ. V&ugrave;ng phủ s&oacute;ng 5G được dự b&aacute;o sẽ đ&aacute;p ứng cho hơn 45% d&acirc;n số to&agrave;n cầu v&agrave;o cuối năm 2023 v&agrave; 85% v&agrave;o cuối năm 2029. Khu vực Bắc Mỹ v&agrave; Hội đồng Hợp t&aacute;c v&ugrave;ng Vịnh dự kiến sẽ c&oacute; tỷ lệ th&acirc;m nhập 5G khu vực cao nhất v&agrave;o cuối năm 2029 ở mức 92%. Tiếp theo l&agrave; T&acirc;y &Acirc;u với dự b&aacute;o tỷ lệ th&acirc;m nhập l&agrave; 85%.</p>\n<p>Fredrik Jejdling, Ph&oacute;&nbsp;chủ tịch điều h&agrave;nh ki&ecirc;m Gi&aacute;m đốc&nbsp;c&aacute;c hệ thống mạng của Ericsson, cho biết: \"Với hơn 600 triệu thu&ecirc; bao 5G tăng th&ecirc;m tr&ecirc;n to&agrave;n cầu trong năm nay v&agrave; đang tiếp tục gia tăng ở mọi khu vực, r&otilde; r&agrave;ng nhu cầu về kết nối hiệu suất cao l&agrave; rất lớn. Việc triển khai 5G vẫn đang diễn ra v&agrave; ch&uacute;ng t&ocirc;i nhận thấy ng&agrave;y c&agrave;ng c&oacute; nhiều mạng 5G SA được triển khai, mang lại cơ hội hỗ trợ c&aacute;c ứng dụng mới c&oacute; y&ecirc;u cầu băng th&ocirc;ng cao hơn cho cả người ti&ecirc;u d&ugrave;ng v&agrave; doanh nghiệp\".</p>\n<p>Mức ti&ecirc;u thụ dữ liệu trung b&igrave;nh to&agrave;n cầu tr&ecirc;n điện thoại kh&ocirc;ng ngừng tăng. Tổng lưu lượng dữ liệu di động ước t&iacute;nh sẽ tăng gấp ba từ cuối năm 2023 đến cuối năm 2029 - do c&aacute;c yếu tố t&iacute;ch cực như khả năng của thiết bị được cải thiện, c&aacute;c nội dung sử dụng nhiều dữ liệu tăng l&ecirc;n v&agrave; hiệu suất của c&aacute;c mạng được triển khai tiếp tục được n&acirc;ng cao.</p>\n<p>Số lượng thu&ecirc; bao 5G sẽ đạt khoảng 550 triệu ở Đ&ocirc;ng Nam &Aacute; v&agrave; ch&acirc;u Đại Dương v&agrave;o cuối năm 2029. Ngo&agrave;i việc tạo ra hạ tầng 5G ti&ecirc;n phong trong khu vực, trọng t&acirc;m của c&aacute;c nh&agrave; cung cấp dịch vụ l&agrave; hướng tới đa dạng h&oacute;a c&aacute;c dịch vụ cung cấp cho cả người ti&ecirc;u d&ugrave;ng v&agrave; doanh nghiệp. N&acirc;ng cao trải nghiệm của kh&aacute;ch h&agrave;ng, mở rộng phạm vi phủ s&oacute;ng mạng v&agrave; th&uacute;c đẩy chuyển đổi số cho c&aacute;c doanh nghiệp vẫn l&agrave; những ưu ti&ecirc;n h&agrave;ng đầu tr&ecirc;n to&agrave;n khu vực.</p>\n<p>B&agrave; Rita Mokbel, Gi&aacute;m đốc Ericsson Việt Nam, cho biết: \"Tại Ericsson, ch&uacute;ng t&ocirc;i đ&atilde; tận dụng lợi thế dẫn đầu về c&ocirc;ng nghệ của m&igrave;nh để đưa trải nghiệm người d&ugrave;ng đẳng cấp thế giới v&agrave;o trạm ph&aacute;t s&oacute;ng 4G mở rộng tại Việt Nam - c&oacute; thể dễ d&agrave;ng n&acirc;ng cấp l&ecirc;n 5G khi cần thiết. 5G sẽ l&agrave; nền tảng hạ tầng quan trọng gi&uacute;p đẩy nhanh qu&aacute; tr&igrave;nh chuyển đổi số của Việt Nam. Trong giai đoạn đầu, 5G sẽ cho ph&eacute;p c&aacute;c nh&agrave; cung cấp dịch vụ tại Việt Nam cung cấp trải nghiệm băng th&ocirc;ng rộng di động n&acirc;ng cao cho người ti&ecirc;u d&ugrave;ng cũng như n&acirc;ng cao c&ocirc;ng suất của c&aacute;c hệ thống mạng để quản l&yacute; lưu lượng dữ liệu ng&agrave;y c&agrave;ng tăng. Theo thời gian, ch&uacute;ng t&ocirc;i hy vọng sẽ c&oacute; th&ecirc;m c&aacute;c trường hợp sử dụng 5G s&aacute;ng tạo mới trong c&aacute;c lĩnh vực 5G d&agrave;nh cho doanh nghiệp\".</p>\n<div id=\"zone-l2srqb41\">\n<div id=\"share-l2srqbkq\">\n<div id=\"placement-kspipz1y\">\n<div id=\"banner-l2srqb41-kspiq11b\">\n<div id=\"slot-1-l2srqb41-kspiq11b\"></div>\n</div>\n</div>\n</div>\n</div>\n<div id=\"dablewidget_QXedqQel\" data-widget_id=\"QXedqQel\"></div>\n</div>\n</div>','https://res.cloudinary.com/dxpghnb5n/image/upload/v1701451091/image/aswgxb8suohni9ebsttw.png','2023-12-02','Ericsson: Thuê bao 5G tăng gấp ba lần trong 6 năm tới','ericsson-thue-bao-5g-tang-gap-ba-lan-trong-6-nam-toi',4),(7,'Van Tuan','<h2 data-role=\"sapo\">Con người c&agrave;ng hiện đại sẽ c&agrave;ng nhanh ho&agrave;i cổ. Nhận định n&agrave;y kh&ocirc;ng phải ch&acirc;n l&yacute; d&agrave;nh cho tất cả những \"người trẻ\", nhưng với ba nh&acirc;n vật trong b&agrave;i viết n&agrave;y, ai cũng đ&atilde; nhận ra phong c&aacute;ch cổ điển mới l&agrave;m cho c&ocirc;ng nghệ hiện đại trở n&ecirc;n vi&ecirc;n m&atilde;n.</h2>\n<div id=\"zone-k911czvz\">\n<div id=\"share-k911czwh\">\n<div id=\"placement-kan92lix\">\n<div id=\"banner-k911czvz-kan92ljb\">\n<div id=\"slot-1-k911czvz-kan92ljb\">\n<div id=\"ssppagebid_6322\">\n<div id=\"sspbid_2015048\" data-height=\"undefined\" data-width=\"undefined\" data-location=\"5\" data-admssprqid=\"01d5f2c7-f736-44a1-bd28-bc918d1ddaa9120-656a1571\" data-ssp=\"sspbid_2015048\"><iframe id=\"ads-place-2015048\" width=\"0\" height=\"0\" scrolling=\"no\"></iframe></div>\n</div>\n</div>\n</div>\n</div>\n</div>\n</div>\n<div>\n<div data-io-article-url=\"https://thanhnien.vn/nhung-cong-dan-thanh-thi-hoai-co-185231201182342668.htm\" data-role=\"content\">\n<div data-check-position=\"body_start\">&nbsp;</div>\n<h2><strong>Doanh nh&acirc;n&nbsp;</strong><strong>H&agrave; Linh: Loa nghe nhạc cũng phải \"nghệ\" như nh&agrave;</strong></h2>\n<p>Kh&ocirc;ng gian được b&agrave;i tr&iacute; ngăn nắp, đồ trang tr&iacute; tinh gọn nhưng m&oacute;n n&agrave;o cũng đẹp mắt v&agrave; đặc biệt l&agrave; kết hợp với nhau rất h&agrave;i h&ograve;a đ&atilde; tạo n&ecirc;n kh&ocirc;ng gian l&agrave;m việc vừa khoa học, hiệu quả vừa mang t&iacute;nh nghệ thuật cho Group Nghiện Nh&agrave; của nh&agrave; s&aacute;ng lập H&agrave; Linh. Một \"đồ chơi nhạc\" l&agrave; kh&ocirc;ng thể thiếu, H&agrave; Linh đ&atilde; chọn chiếc loa để b&agrave;n Authentics 500 mới nhất của JBL. Thiết kế đậm chất cổ điển từ v&oacute;c d&aacute;ng chữ nhật mạnh mẽ, họa tiết vải caro đen tuyền ở mặt trước với v&agrave;i chi tiết chấm ph&aacute; bằng nh&ocirc;m m&agrave;u v&agrave;ng đồng ở viền v&agrave; tay nắm c&ugrave;ng n&uacute;t điều khiển kiểu cũ, Authentics cho chất &acirc;m hifi mượt m&agrave; l&agrave;m thăng hoa mọi playlist, bất chấp l&agrave; ballad hay EDM.</p>\n<figure>\n<div><a title=\"\" href=\"https://images2.thanhnien.vn/528068263637045248/2023/12/1/picture1-1701429373144307761461.jpg\" target=\"_blank\" rel=\"noopener\" data-fancybox=\"img-lightbox\"><img id=\"img_655005053880209408\" style=\"height: auto; width: auto;\" title=\"Những c&ocirc;ng d&acirc;n th&agrave;nh thị&hellip; ho&agrave;i cổ - Ảnh 1.\" src=\"https://images2.thanhnien.vn/thumb_w/640/528068263637045248/2023/12/1/picture1-1701429373144307761461.jpg\" srcset=\"https://images2.thanhnien.vn/thumb_w/640/528068263637045248/2023/12/1/picture1-1701429373144307761461.jpg 1x,https://images2.thanhnien.vn/528068263637045248/2023/12/1/picture1-1701429373144307761461.jpg 2x\" alt=\"Những c&ocirc;ng d&acirc;n th&agrave;nh thị&hellip; ho&agrave;i cổ - Ảnh 1.\" width=\"1200\" height=\"807\" loading=\"lazy\" data-original=\"https://images2.thanhnien.vn/528068263637045248/2023/12/1/picture1-1701429373144307761461.jpg\" data-author=\"\"></a></div>\n<div>&nbsp;</div>\n</figure>\n<p>\"Nhờ t&iacute;ch hợp trợ l&yacute; giọng n&oacute;i th&ocirc;ng minh v&agrave; ứng dụng JBL One, c&aacute;c th&agrave;nh vi&ecirc;n trong team c&oacute; thể dễ d&agrave;ng chọn bản nhạc y&ecirc;u th&iacute;ch để up mood v&agrave; gi&uacute;p tập trung hơn khi l&agrave;m việc. Ngo&agrave;i ra, sản phẩm được ho&agrave;n thiện bằng vật liệu t&aacute;i chế, th&acirc;n thiện với m&ocirc;i trường cũng l&agrave; điểm cộng m&agrave; Linh đ&aacute;nh gi&aacute; cao\", H&agrave; Linh chia sẻ.</p>\n<h2><strong>Nh&agrave; s&aacute;ng tạo nội dung Ở đ&acirc;u cũng chụp: \"Kim cổ giao thoa, cảm x&uacute;c &ugrave;a ra\"</strong></h2>\n<p>Những kẻ m&ecirc; chụp ảnh, thường cũng m&ecirc; đắm loa đ&agrave;i, &acirc;m nhạc. Blogger Văn Nguy&ecirc;n - người s&aacute;ng lập v&agrave; l&agrave;m nội dung của page&nbsp;<em>Ở Đ&acirc;u Cũng Chụp</em>&nbsp;l&agrave; một người như thế. Kể chuyện bằng những tấm ảnh được ghi lại theo cảm nhận \"của ri&ecirc;ng t&ocirc;i\", anh \"l&ocirc;i\" ra v&ocirc; số những điều nhỏ b&eacute; dễ thương của S&agrave;i G&ograve;n, khiến người xem tự nhi&ecirc;n thấy vui, thấy nhẹ, thấy thương, thấy mừng&hellip;</p>\n<figure>\n<div><a title=\"\" href=\"https://images2.thanhnien.vn/528068263637045248/2023/12/1/picture2-1701429373174645798704.jpg\" target=\"_blank\" rel=\"noopener\" data-fancybox=\"img-lightbox\"><img id=\"img_655005053739814912\" style=\"height: auto; width: auto;\" title=\"Những c&ocirc;ng d&acirc;n th&agrave;nh thị&hellip; ho&agrave;i cổ - Ảnh 2.\" src=\"https://images2.thanhnien.vn/thumb_w/640/528068263637045248/2023/12/1/picture2-1701429373174645798704.jpg\" srcset=\"https://images2.thanhnien.vn/thumb_w/640/528068263637045248/2023/12/1/picture2-1701429373174645798704.jpg 1x,https://images2.thanhnien.vn/528068263637045248/2023/12/1/picture2-1701429373174645798704.jpg 2x\" alt=\"Những c&ocirc;ng d&acirc;n th&agrave;nh thị&hellip; ho&agrave;i cổ - Ảnh 2.\" width=\"1200\" height=\"971\" loading=\"lazy\" data-original=\"https://images2.thanhnien.vn/528068263637045248/2023/12/1/picture2-1701429373174645798704.jpg\" data-author=\"\"></a></div>\n<div>&nbsp;</div>\n</figure>\n<p>Lang thang m&ograve;n lối những g&oacute;c quen, vậy m&agrave; lỡ nghe tr&uacute;ng mấy b&agrave;i h&aacute;t cũ ngẫu hứng vang l&ecirc;n từ chiếc loa JBL Authentics lu&ocirc;n mang theo, anh lại đưa m&aacute;y l&ecirc;n v&agrave; bấm. \"Chiếc loa Authentics 300 c&oacute; quai x&aacute;ch, dừng lại nơi đ&acirc;u bật nhạc th&igrave; ai cũng trầm trồ v&igrave; tr&ocirc;ng c&oacute; vẻ cổ nhưng chất &acirc;m kiểu được tạo bằng c&ocirc;ng nghệ cao. Chi tiết b&agrave;i h&aacute;t rất r&otilde;, &acirc;m trầm s&acirc;u lắng, c&acirc;n bằng ho&agrave;n hảo, mở cải lương nghe cũng đ&atilde;\",&nbsp;anh Nguy&ecirc;n cho biết.</p>\n<h2><strong>Nhiếp ảnh gia ẩm thực Đức B&ugrave;i:&nbsp;</strong><strong>&Acirc;m nhạc - chất kết nối cho Nh&igrave;n v&agrave; Nghĩ</strong></h2>\n<p>Nh&igrave;n v&agrave; Nghĩ l&agrave; 2 c&ocirc;ng việc Đức B&ugrave;i l&agrave;m nhiều nhất khi bắt đầu con đường Nhiếp ảnh Ẩm thực. L&agrave;m nghệ thuật s&aacute;ng tạo vui th&igrave; c&oacute; vui nhưng những l&uacute;c brainstorm th&igrave; phải n&oacute;i th&ocirc;i rồi \"chảy m&aacute;u chất x&aacute;m!\". Để c&oacute; thể thoải m&aacute;i v&agrave; tiếp tục nạp pin đầy năng lượng, Đức B&ugrave;i thường hay t&igrave;m đến \"&Acirc;m Nhạc\". Bộ m&ocirc;n khiến người nhiếp ảnh gia n&agrave;y m&ecirc; mẩn v&agrave; n&oacute; len lỏi v&agrave;o trong mọi việc Đức B&ugrave;i l&agrave;m hằng ng&agrave;y. Nghe nhạc v&agrave; nghĩ ảnh tại văn ph&ograve;ng, mix nhạc những l&uacute;c tối khi về nh&agrave;.</p>\n<p>Để chơi nhạc Đức B&ugrave;i thường ưu ti&ecirc;n những con loa c&oacute; bass trầm, JBL Authentics 500 đ&atilde; khiến Đức B&ugrave;i \"mơi\" ngay đầu trải nghiệm. Bass được gắn ở dưới đ&aacute;y khiến &acirc;m thanh tỏa ra rất chắc v&agrave; &ecirc;m ở nhiều thể loại nhạc kh&aacute;c nhau. \"Về mặt thị gi&aacute;c, n&eacute;t cổ điển m&agrave; m&igrave;nh th&iacute;ch nhất l&agrave; bề mặt loa được l&agrave;m mặt lưới Quadrex, khiến chiếc loa toả ra sự th&acirc;m trầm, s&acirc;u sắc\".</p>\n<figure>\n<div><a title=\"\" href=\"https://images2.thanhnien.vn/528068263637045248/2023/12/1/picture3-170142937321195835824.jpg\" target=\"_blank\" rel=\"noopener\" data-fancybox=\"img-lightbox\"><img id=\"img_655005053483204608\" style=\"height: auto; width: auto;\" title=\"Những c&ocirc;ng d&acirc;n th&agrave;nh thị&hellip; ho&agrave;i cổ - Ảnh 3.\" src=\"https://images2.thanhnien.vn/thumb_w/640/528068263637045248/2023/12/1/picture3-170142937321195835824.jpg\" srcset=\"https://images2.thanhnien.vn/thumb_w/640/528068263637045248/2023/12/1/picture3-170142937321195835824.jpg 1x,https://images2.thanhnien.vn/528068263637045248/2023/12/1/picture3-170142937321195835824.jpg 2x\" alt=\"Những c&ocirc;ng d&acirc;n th&agrave;nh thị&hellip; ho&agrave;i cổ - Ảnh 3.\" width=\"1200\" height=\"1032\" loading=\"lazy\" data-original=\"https://images2.thanhnien.vn/528068263637045248/2023/12/1/picture3-170142937321195835824.jpg\" data-author=\"\"></a></div>\n<div>&nbsp;</div>\n</figure>\n<figure>\n<div><a title=\"\" href=\"https://images2.thanhnien.vn/528068263637045248/2023/12/1/picture4-170142937325291252287.jpg\" target=\"_blank\" rel=\"noopener\" data-fancybox=\"img-lightbox\"><img id=\"img_655005053829931008\" style=\"height: auto; width: auto;\" title=\"Những c&ocirc;ng d&acirc;n th&agrave;nh thị&hellip; ho&agrave;i cổ - Ảnh 4.\" src=\"https://images2.thanhnien.vn/thumb_w/640/528068263637045248/2023/12/1/picture4-170142937325291252287.jpg\" srcset=\"https://images2.thanhnien.vn/thumb_w/640/528068263637045248/2023/12/1/picture4-170142937325291252287.jpg 1x,https://images2.thanhnien.vn/528068263637045248/2023/12/1/picture4-170142937325291252287.jpg 2x\" alt=\"Những c&ocirc;ng d&acirc;n th&agrave;nh thị&hellip; ho&agrave;i cổ - Ảnh 4.\" width=\"1200\" height=\"885\" loading=\"lazy\" data-original=\"https://images2.thanhnien.vn/528068263637045248/2023/12/1/picture4-170142937325291252287.jpg\" data-author=\"\"></a></div>\n<div>&nbsp;</div>\n</figure>\n<p>JBL Authentics được lấy cảm hứng từ thiết kế cổ điển lừng danh của JBL trong qu&aacute; khứ kết hợp với &acirc;m thanh v&agrave; c&ocirc;ng nghệ t&acirc;n tiến đ&aacute;ng mong đợi. D&ograve;ng loa n&agrave;y hứa hẹn sẽ định h&igrave;nh tương lai của ng&agrave;nh c&ocirc;ng nghiệp &acirc;m thanh, l&agrave; sự gặp gỡ giữa &acirc;m thanh hi-fi cao cấp, c&ocirc;ng nghệ cao Dolby Atmos v&agrave; trợ l&yacute; giọng n&oacute;i với thiết kế lưới Quadrex cổ điển. Từ 1.12.2023 đến 15.12.2023, khi mua h&agrave;ng ch&iacute;nh h&atilde;ng, kh&aacute;ch h&agrave;ng sẽ được nhận k&egrave;m nhiều qu&agrave; tặng hấp dẫn.</p>\n</div>\n</div>','https://res.cloudinary.com/dxpghnb5n/image/upload/v1701451174/image/poo2ts2zxsf0qyivkd0t.png','2023-12-02','Những công dân thành thị… hoài cổ','nhung-cong-dan-thanh-thi-hoai-co',4),(13,'Van Hieu','<h3 data-role=\"sapo\">M.U lại gặp &aacute;c mộng tr&ecirc;n s&acirc;n nh&agrave; Old Trafford sau thất bại 0-3 trước Bournemouth ở v&ograve;ng 16 Ngoại hạng Anh diễn ra tối 9.12.</h3>\n<div id=\"zone-k911czvz\">\n<div id=\"share-k911czwh\">\n<div id=\"placement-kan8tyvw\">\n<div id=\"banner-k911czvz-kan8tywg\">\n<div id=\"slot-1-k911czvz-kan8tywg\">\n<div id=\"ssppagebid_6318\"></div>\n</div>\n</div>\n</div>\n</div>\n</div>\n<div>\n<div data-io-article-url=\"https://thanhnien.vn/mu-lai-gap-ac-mong-tren-san-nha-tham-bai-truoc-bournemouth-185231210000809211.htm\" data-role=\"content\">\n<p>Được chơi tr&ecirc;n s&acirc;n nh&agrave; trước đối thủ yếu hơn,&nbsp;<a title=\"M.U\" href=\"https://thanhnien.vn/moi-ngon-cho-mu-185231208213615718.htm\" data-rel=\"follow\">M.U</a>&nbsp;kiểm so&aacute;t b&oacute;ng nhỉnh hơn. Thế nhưng, đo&agrave;n qu&acirc;n của HLV Erik Ten Hag lại thua k&eacute;m Bournemouth về hiệu quả tr&ecirc;n h&agrave;ng c&ocirc;ng.</p>\n<p><img style=\"display: block; margin-left: auto; margin-right: auto;\" src=\"https://images2.thanhnien.vn/thumb_w/640/528068263637045248/2023/12/9/000347e2mq-17021412897746656314.jpg\" alt=\"M.U lại gặp &aacute;c mộng tr&ecirc;n s&acirc;n nh&agrave;, thảm bại trước Bournemouth - Ảnh 1.\"></p>\n<p>Đội kh&aacute;ch sớm l&agrave;m \"Nh&agrave; h&aacute;t những giấc mơ\"&nbsp;<a title=\"Old Trafford\" href=\"https://thanhnien.vn/moi-ngon-cho-mu-185231208213615718.htm\" data-rel=\"follow\">Old Trafford</a>&nbsp;n&iacute;n lặng khi tiền đạo Dominic Solanke ghi b&agrave;n cho đội kh&aacute;ch ở ph&uacute;t thứ 5, từ một pha đ&aacute;nh g&oacute;t đẹp mắt từ đường chuyền của Lewis Cook. Thậm ch&iacute;, Bournemouth đ&atilde; c&oacute; thể kh&eacute;p lại hiệp 1 với b&agrave;n thắng thứ 2 với một lần b&oacute;ng t&igrave;m đến cột dọc.</p>\n<p>\"Quỷ đỏ\" tr&agrave;n l&ecirc;n tấn c&ocirc;ng từ đầu hiệp 1. Thế nhưng, h&agrave;ng thủ gồm Diogo Dalot, Harry Maguire, Luke Shaw v&agrave; Sergio Reguilon một lần nữa trả gi&aacute; đắt v&igrave; thiếu tập trung. Đội b&oacute;ng của HLV Andoni Iraola tiếp tục g&acirc;y cho&aacute;ng v&aacute;ng M.U với việc ghi th&ecirc;m 2 b&agrave;n thắng sau c&aacute;c pha đ&aacute;nh đầu của Philip Billing (ph&uacute;t 68) v&agrave; Marcos Senesi (ph&uacute;t 73).</p>\n<p>Bị dẫn b&agrave;n,<a title=\"HLV Ten Hag\" href=\"https://thanhnien.vn/moi-ngon-cho-mu-185231208213615718.htm\" data-rel=\"follow\">&nbsp;HLV Ten Hag</a>&nbsp;gần như bất lực d&ugrave; tung v&agrave;o s&acirc;n c&aacute;c tiền đạo ng&ocirc;i sao như Rasmus Hojlund, Marcus Rashford trong hiệp 2. D&ugrave; tạo được &aacute;p lực lớn đối với h&agrave;ng thủ Bournemouth, nhưng \"Quỷ đỏ\" kh&ocirc;ng c&oacute; sự chuẩn x&aacute;c trong những t&igrave;nh huống quyết định.</p>\n<p><img style=\"display: block; margin-left: auto; margin-right: auto;\" src=\"https://images2.thanhnien.vn/thumb_w/640/528068263637045248/2023/12/9/000347d672-1702141289743733604932.jpg\" alt=\"M.U lại gặp &aacute;c mộng tr&ecirc;n s&acirc;n nh&agrave;, thảm bại trước Bournemouth - Ảnh 2.\"></p>\n<p>Thất bại n&agrave;y được xem l&agrave; c&uacute; sốc lớn đối với M.U n&oacute;i ri&ecirc;ng v&agrave; Ngoại hạng Anh n&oacute;i chung. Old Trafford một lần nữa kh&ocirc;ng c&ograve;n l&agrave; th&aacute;nh địa bất khả x&acirc;m phạm khi đ&acirc;y l&agrave; thất bại thứ 4 trong 9 trận s&acirc;n nh&agrave; của \"Quỷ đỏ\" tại giải quốc nội m&ugrave;a n&agrave;y. Thậm ch&iacute;, trong lịch sử đối đầu, Bournemouth chưa bao giờ ghi được 4 b&agrave;n v&agrave;o lưới M.U. Hơn nữa, trong 10 lần gặp M.U gần nhất, Bournemouth nhận 9 thất bại v&agrave; 1 lần h&ograve;a.</p>\n<p>D&ugrave; vẫn giữ được vị tr&iacute; thứ 6 sau trận thua n&agrave;y, nhưng nguy cơ khủng hoảng vẫn treo lơ lửng tr&ecirc;n đầu M.U. Bởi giữa tuần tới, đội b&oacute;ng của HLV Ten Hag nhiều khả năng bị loại ngay ở v&ograve;ng bảng Champions League.</p>\n<p>Chiếc ghế của nh&agrave; cầm qu&acirc;n người H&agrave; Lan chắc chắn sẽ c&agrave;ng lung lay dữ dội sau thảm bại n&agrave;y. Với h&agrave;ng loạt rắc rối nội bộ v&agrave; sa s&uacute;t phong độ, HLV Ten Hag dường như đang mất kiểm so&aacute;t. Mọi thứ đ&atilde; \"trở lại mặt đất\" đối với M.U d&ugrave; họ vừa đ&aacute;nh bại Chelsea ở v&ograve;ng trước. Ngược lại, chiến thắng gi&uacute;p Bournemouth gia tăng khoảng c&aacute;ch với nh&oacute;m rớt hạng l&ecirc;n 9 điểm.</p>\n<p><img style=\"display: block; margin-left: auto; margin-right: auto;\" src=\"https://images2.thanhnien.vn/thumb_w/640/528068263637045248/2023/12/9/000347e2kj-17021412896921928476672.jpg\" alt=\"M.U lại gặp &aacute;c mộng tr&ecirc;n s&acirc;n nh&agrave;, thảm bại trước Bournemouth - Ảnh 3.\"></p>\n<p>Ở trận đấu sớm, Mohamed Salah ghi b&agrave;n thắng thứ 200 cho Liverpool trong trận thắng Crystal Palace 2-1, đưa \"Quỷ đỏ\" tạm vươn l&ecirc;n ng&ocirc;i đầu bảng. B&agrave;n thắng thứ 14 của Salah m&ugrave;a n&agrave;y gi&uacute;p anh trở th&agrave;nh cầu thủ thứ 5 ghi 200 b&agrave;n cho Liverpool tr&ecirc;n mọi đấu trường sau Ian Rush (346), Roger Hunt (285), Gordon Hodgson (241) v&agrave; Billy Liddell (228).</p>\n<div id=\"zone-l2srqb41\">\n<div id=\"share-l2srqbkq\">\n<div id=\"placement-kspipz1y\">\n<div id=\"banner-l2srqb41-kspiq11b\">\n<div id=\"slot-1-l2srqb41-kspiq11b\"></div>\n</div>\n</div>\n</div>\n</div>\n<p>Liverpool đối mặt với thất bại sau quả phạt đền của Jean-Philippe Mateta đưa Crystal Palace vượt l&ecirc;n dẫn trước trong hiệp 2 tại s&acirc;n Selhurst Park. Nhưng Jordan Ayew của đội chủ nh&agrave; đ&atilde; bị đuổi khỏi s&acirc;n khi trận đấu c&ograve;n 15 ph&uacute;t v&agrave; Liverpool đ&atilde; tận dụng tối đa lợi thế để ngược d&ograve;ng th&agrave;nh c&ocirc;ng.</p>\n</div>\n</div>','https://res.cloudinary.com/dxpghnb5n/image/upload/v1702143434/image/j3jfbmqvkrkk86ber2wq.png','2023-12-10','M.U lại gặp ác mộng trên sân nhà, thảm bại trước Bournemouth','mu-lai-gap-ac-mong-tren-san-nha-tham-bai-truoc-bournemouth',2),(14,'Van Hieu','<h2>HIeu gap ac mong la mu</h2>','https://res.cloudinary.com/dxpghnb5n/image/upload/v1702143434/image/j3jfbmqvkrkk86ber2wq.png','2023-04-01','Hieu gap ac mong','hieu-gap-ac-mong',2);
/*!40000 ALTER TABLE `posts` ENABLE KEYS */;
UNLOCK TABLES;

--
-- Table structure for table `users`
--

DROP TABLE IF EXISTS `users`;
/*!40101 SET @saved_cs_client     = @@character_set_client */;
/*!50503 SET character_set_client = utf8mb4 */;
CREATE TABLE `users` (
  `id` bigint NOT NULL AUTO_INCREMENT,
  `user_name` varchar(255) DEFAULT NULL,
  `user_password` varchar(255) DEFAULT NULL,
  `user_roles` varchar(255) DEFAULT NULL,
  PRIMARY KEY (`id`)
) ENGINE=InnoDB AUTO_INCREMENT=10 DEFAULT CHARSET=utf8mb4 COLLATE=utf8mb4_0900_ai_ci;
/*!40101 SET character_set_client = @saved_cs_client */;

--
-- Dumping data for table `users`
--

LOCK TABLES `users` WRITE;
/*!40000 ALTER TABLE `users` DISABLE KEYS */;
INSERT INTO `users` VALUES (1,'Dinh Quan','$2a$10$Dr.i.c6Jt/EkyfZ9YOUIE.WP9weZ1d4gTbd/rCksZQh/8tLvP6py6','ROLE_ADMIN'),(2,'Van Hieu','$2a$10$vv0wVdVJ3d2sZbfTqLj1lutLy0.QZkiN0iPD/FNIo8RcsX5ATUc1m','ROLE_USER'),(3,'Thanh Dat','$2a$10$kmpU3tqM3uaA.qpxzm6YKOjpcQUwiKednnCKQPwlQfBYKgBQhURL2','ROLE_USER'),(4,'Van Tuan A','$2a$10$Os./Mi1qrem2dKO6566H1u1BsmN41Ors2P0/xxpgk9d8VYc4qbzAa','ROLE_USER'),(6,'Van Tuan B','$2a$10$YhXZydmKsMmdK5YOVaO7cu6T44UKSmVEdrCx1NdQ0fKj.2cMXyXpe','ROLE_ADMIN');
/*!40000 ALTER TABLE `users` ENABLE KEYS */;
UNLOCK TABLES;
/*!40103 SET TIME_ZONE=@OLD_TIME_ZONE */;

/*!40101 SET SQL_MODE=@OLD_SQL_MODE */;
/*!40014 SET FOREIGN_KEY_CHECKS=@OLD_FOREIGN_KEY_CHECKS */;
/*!40014 SET UNIQUE_CHECKS=@OLD_UNIQUE_CHECKS */;
/*!40101 SET CHARACTER_SET_CLIENT=@OLD_CHARACTER_SET_CLIENT */;
/*!40101 SET CHARACTER_SET_RESULTS=@OLD_CHARACTER_SET_RESULTS */;
/*!40101 SET COLLATION_CONNECTION=@OLD_COLLATION_CONNECTION */;
/*!40111 SET SQL_NOTES=@OLD_SQL_NOTES */;

-- Dump completed on 2024-01-04 10:47:30
